ID,week,column_or_record,issue,evidence,decision,reason,rule,scope_rows,changed_rows,history_status,original_decision_date
CL001,3,Student ID,ID có số 0 đầu,src/analyze.py; docs/report+bao_cao.md; outputs/metrics+chi_so.json,Đọc dạng chuỗi,Bảo toàn định danh,Không đổi sang số; không pad,1022060,0,Tổng hợp lại từ bằng chứng Week 3; ngày gốc chưa rõ,
CL002,3,9 cột điểm,Điểm 0 có thật trong CSV,src/analyze.py; docs/report+bao_cao.md; outputs/metrics+chi_so.json,Giữ 0,0 không phải ký hiệu thiếu,Không đổi 0 thành null,152,0,Tổng hợp lại từ bằng chứng Week 3; ngày gốc chưa rõ,
CL003,3,Mathematics,Dữ liệu thiếu,outputs/tables/missing_treatment+cach_xu_ly_thieu.csv,Giữ null,Chưa xác định nguyên nhân từng ô; không có nguồn điểm thay thế,Không điền vào dữ liệu chính,18687,0,Tổng hợp lại từ bằng chứng Week 3; ngày gốc chưa rõ,
CL004,3,Literature,Dữ liệu thiếu,outputs/tables/missing_treatment+cach_xu_ly_thieu.csv,Giữ null,Chưa xác định nguyên nhân từng ô; không có nguồn điểm thay thế,Không điền vào dữ liệu chính,13821,0,Tổng hợp lại từ bằng chứng Week 3; ngày gốc chưa rõ,
CL005,3,Foreign language,Dữ liệu thiếu,outputs/tables/missing_treatment+cach_xu_ly_thieu.csv,Giữ null,Chưa xác định nguyên nhân từng ô; không có nguồn điểm thay thế,Không điền vào dữ liệu chính,141063,0,Tổng hợp lại từ bằng chứng Week 3; ngày gốc chưa rõ,
CL006,3,Physics,Dữ liệu thiếu,outputs/tables/missing_treatment+cach_xu_ly_thieu.csv,Giữ null,Chưa xác định nguyên nhân từng ô; không có nguồn điểm thay thế,Không điền vào dữ liệu chính,694871,0,Tổng hợp lại từ bằng chứng Week 3; ngày gốc chưa rõ,
CL007,3,Chemistry,Dữ liệu thiếu,outputs/tables/missing_treatment+cach_xu_ly_thieu.csv,Giữ null,Chưa xác định nguyên nhân từng ô; không có nguồn điểm thay thế,Không điền vào dữ liệu chính,693942,0,Tổng hợp lại từ bằng chứng Week 3; ngày gốc chưa rõ,
CL008,3,Biology,Dữ liệu thiếu,outputs/tables/missing_treatment+cach_xu_ly_thieu.csv,Giữ null,Chưa xác định nguyên nhân từng ô; không có nguồn điểm thay thế,Không điền vào dữ liệu chính,697435,0,Tổng hợp lại từ bằng chứng Week 3; ngày gốc chưa rõ,
CL009,3,History,Dữ liệu thiếu,outputs/tables/missing_treatment+cach_xu_ly_thieu.csv,Giữ null,Chưa xác định nguyên nhân từng ô; không có nguồn điểm thay thế,Không điền vào dữ liệu chính,338613,0,Tổng hợp lại từ bằng chứng Week 3; ngày gốc chưa rõ,
CL010,3,Geography,Dữ liệu thiếu,outputs/tables/missing_treatment+cach_xu_ly_thieu.csv,Giữ null,Chưa xác định nguyên nhân từng ô; không có nguồn điểm thay thế,Không điền vào dữ liệu chính,339926,0,Tổng hợp lại từ bằng chứng Week 3; ngày gốc chưa rõ,
CL011,3,Civic education,Dữ liệu thiếu,outputs/tables/missing_treatment+cach_xu_ly_thieu.csv,Giữ null,Chưa xác định nguyên nhân từng ô; không có nguồn điểm thay thế,Không điền vào dữ liệu chính,456608,0,Tổng hợp lại từ bằng chứng Week 3; ngày gốc chưa rõ,
CL012,3,Foreign language code,Dữ liệu thiếu,outputs/tables/missing_treatment+cach_xu_ly_thieu.csv,Giữ null,Chưa xác định nguyên nhân từng ô; không có nguồn điểm thay thế,Không điền vào dữ liệu chính,141063,0,Tổng hợp lại từ bằng chứng Week 3; ngày gốc chưa rõ,
CL013,3,6 môn tổ hợp,Thiếu phụ thuộc nhóm điểm quan sát,src/analyze.py; docs/report+bao_cao.md; outputs/metrics+chi_so.json,Phân lớp ứng viên cấu trúc / chưa rõ,Không có hồ sơ đăng ký để khẳng định nguyên nhân,Suy nhóm từ điểm quan sát; không thay dữ liệu,1013243,0,Tổng hợp lại từ bằng chứng Week 3; ngày gốc chưa rõ,
CL014,3,Các dòng chỉ có Student ID,Không có điểm và mã ngoại ngữ,src/analyze.py; docs/report+bao_cao.md; outputs/metrics+chi_so.json,Giữ để đối soát,Không suy ra vắng thi,Không xóa dòng,4476,0,Tổng hợp lại từ bằng chứng Week 3; ngày gốc chưa rõ,
CL015,3,Mathematics: thử nghiệm che điểm,So sánh hai cách điền,src/analyze.py; docs/report+bao_cao.md; outputs/metrics+chi_so.json,Chỉ điền trên bản thử nghiệm,Không thay điểm trong dữ liệu chính,Seed 3020; cùng mặt nạ và dữ liệu fit,10000,0,Tổng hợp lại từ bằng chứng Week 3; ngày gốc chưa rõ,
CL016,3,Mathematics: thiếu tự nhiên,So sánh độ nhạy giả định,src/analyze.py; docs/report+bao_cao.md; outputs/metrics+chi_so.json,Không xuất điểm điền vào dữ liệu chính,Giả định có điểm thật chưa xác minh,Tách kịch bản giả định,18687,0,Tổng hợp lại từ bằng chứng Week 3; ngày gốc chưa rõ,
CL017,3,Toàn bộ bản ghi,"Kiểm tra ID trùng, miền điểm và cặp mã/điểm Ngoại ngữ",src/analyze.py; docs/report+bao_cao.md; outputs/metrics+chi_so.json,Không xóa hoặc sửa,Audit không phát hiện vi phạm các phép kiểm này,Kiểm tra không đồng nghĩa xác minh accuracy,1022060,0,Tổng hợp lại từ bằng chứng Week 3; ngày gốc chưa rõ,
CL018,4,Mathematics,Ngoại lệ thống kê,outputs/tables/week4_outlier_comparison.csv,Gắn cờ; giữ điểm,Ngoại lệ không đồng nghĩa lỗi,IQR 1.5; |Z| > 3; ddof=0,1965,0,Quyết định Week 4,
CL019,4,Literature,Ngoại lệ thống kê,outputs/tables/week4_outlier_comparison.csv,Gắn cờ; giữ điểm,Ngoại lệ không đồng nghĩa lỗi,IQR 1.5; |Z| > 3; ddof=0,11697,0,Quyết định Week 4,
CL020,4,Foreign language,Ngoại lệ thống kê,outputs/tables/week4_outlier_comparison.csv,Gắn cờ; giữ điểm,Ngoại lệ không đồng nghĩa lỗi,IQR 1.5; |Z| > 3; ddof=0,0,0,Quyết định Week 4,
CL021,4,Physics,Ngoại lệ thống kê,outputs/tables/week4_outlier_comparison.csv,Gắn cờ; giữ điểm,Ngoại lệ không đồng nghĩa lỗi,IQR 1.5; |Z| > 3; ddof=0,481,0,Quyết định Week 4,
CL022,4,Chemistry,Ngoại lệ thống kê,outputs/tables/week4_outlier_comparison.csv,Gắn cờ; giữ điểm,Ngoại lệ không đồng nghĩa lỗi,IQR 1.5; |Z| > 3; ddof=0,1706,0,Quyết định Week 4,
CL023,4,Biology,Ngoại lệ thống kê,outputs/tables/week4_outlier_comparison.csv,Gắn cờ; giữ điểm,Ngoại lệ không đồng nghĩa lỗi,IQR 1.5; |Z| > 3; ddof=0,1357,0,Quyết định Week 4,
CL024,4,History,Ngoại lệ thống kê,outputs/tables/week4_outlier_comparison.csv,Gắn cờ; giữ điểm,Ngoại lệ không đồng nghĩa lỗi,IQR 1.5; |Z| > 3; ddof=0,270,0,Quyết định Week 4,
CL025,4,Geography,Ngoại lệ thống kê,outputs/tables/week4_outlier_comparison.csv,Gắn cờ; giữ điểm,Ngoại lệ không đồng nghĩa lỗi,IQR 1.5; |Z| > 3; ddof=0,6627,0,Quyết định Week 4,
CL026,4,Civic education,Ngoại lệ thống kê,outputs/tables/week4_outlier_comparison.csv,Gắn cờ; giữ điểm,Ngoại lệ không đồng nghĩa lỗi,IQR 1.5; |Z| > 3; ddof=0,10754,0,Quyết định Week 4,
CL027,4,01053185: Civic education,Ngoại lệ trong top 5,docs/week4_evidence.md#sbd-01053185,Giữ; unresolved,Khớp tệp nguồn và trong miền điểm; chưa có bảng điểm độc lập xác minh.,Chưa có điểm độc lập để sửa,1,0,Quyết định Week 4,
CL028,4,01053192: Civic education,Ngoại lệ trong top 5,docs/week4_evidence.md#sbd-01053192,Giữ; unresolved,Khớp tệp nguồn và trong miền điểm; chưa có bảng điểm độc lập xác minh.,Chưa có điểm độc lập để sửa,1,0,Quyết định Week 4,
CL029,4,01053271: Civic education,Ngoại lệ trong top 5,docs/week4_evidence.md#sbd-01053271,Giữ; unresolved,Khớp tệp nguồn và trong miền điểm; chưa có bảng điểm độc lập xác minh.,Chưa có điểm độc lập để sửa,1,0,Quyết định Week 4,
CL030,4,02016503: Civic education,Ngoại lệ trong top 5,docs/week4_evidence.md#sbd-02016503,Giữ; unresolved,Khớp tệp nguồn và trong miền điểm; chưa có bảng điểm độc lập xác minh.,Chưa có điểm độc lập để sửa,1,0,Quyết định Week 4,
CL031,4,02019084: Civic education,Ngoại lệ trong top 5,docs/week4_evidence.md#sbd-02019084,Giữ; unresolved,Khớp tệp nguồn và trong miền điểm; chưa có bảng điểm độc lập xác minh.,Chưa có điểm độc lập để sửa,1,0,Quyết định Week 4,
CL032,4,Student ID,Kiểm tra cách biểu diễn chuỗi,outputs/tables/week4_text_standardization.csv,Chuẩn hóa và kiểm tra định dạng,Không tạo biến thể giả để làm giảm distinct,NFKC; strip; collapse whitespace,1022060,0,Quyết định Week 4,
CL033,4,Foreign language code,Kiểm tra cách biểu diễn chuỗi,outputs/tables/week4_text_standardization.csv,Chuẩn hóa và kiểm tra định dạng,Không tạo biến thể giả để làm giảm distinct,NFKC; strip; collapse whitespace; uppercase,1022060,0,Quyết định Week 4,
CL034,4,Tên gọi tương đương,Không quan sát biến thể tên,outputs/tables/week4_text_standardization.csv,Không thêm ánh xạ,"Hai cột là mã định danh, không phải tên tự do",Chỉ xử lý biến thể có bằng chứng,0,0,Quyết định Week 4,
CL035,4,Tệp nguồn và đầu ra,Truy vết và kiểm tra bảo toàn,outputs/week4_metrics.json,Giữ bản gốc; xuất bản chuẩn hóa riêng,Cho phép tái lập và đối chiếu,Hash nguồn; kiểm tra round-trip CSV,1022060,0,Quyết định Week 4,
CL036,5,Toàn bộ bản ghi,Bản ghi trùng hoàn toàn,outputs/tables/week5_*; outputs/week5_manifest+ho_so_dau_ra.json; docs/week5_report+bao_cao.md,Không loại; không có dòng trùng hoàn toàn,Tránh đếm lặp một bản ghi y hệt; hiện trạng được xác nhận bằng quét toàn bộ 11 cột.,So sánh toàn bộ cột nguồn sau parse; giữ bản ghi đầu theo thứ tự nguồn,1022060,0,Quyết định Week 5; tạo từ pipeline tái lập được,
CL037,5,9 cột điểm,Giá trị điểm thiếu,outputs/tables/week5_*; outputs/week5_manifest+ho_so_dau_ra.json; docs/week5_report+bao_cao.md,Giữ null,CSV không cung cấp điểm thay thế; ô thiếu có thể liên quan lựa chọn môn nhưng không xác nhận từng trường hợp.,Bỏ qua null khi thống kê; không điền median hay số 0,3394966,0,Quyết định Week 5; tạo từ pipeline tái lập được,
CL038,5,9 cột điểm,Ngoại lệ thống kê,outputs/tables/week5_outlier_comparison+so_sanh_ngoai_le.csv; outputs/tables/week5_outlier_details+chi_tiet_ngoai_le.csv,Gắn cờ để điều tra; giữ điểm,Cờ IQR/Z-score không chứng minh nhập sai; các quyết định sửa điểm cần đối chứng độc lập.,"IQR 1,5×IQR; |Z|>3; phân vị tuyến tính; ddof=0",34857,0,Quyết định Week 5; tạo từ pipeline tái lập được,
CL039,5,Student ID,Chuẩn hóa chuỗi,outputs/tables/week5_*; outputs/week5_manifest+ho_so_dau_ra.json; docs/week5_report+bao_cao.md,Chuẩn hóa; không sửa nếu đã đạt quy tắc,Giữ ID dạng chuỗi và không suy đoán giá trị; mã ngoại ngữ dùng chữ hoa.,NFKC; strip; gộp whitespace,1022060,0,Quyết định Week 5; tạo từ pipeline tái lập được,
CL040,5,Foreign language code,Chuẩn hóa chuỗi,outputs/tables/week5_*; outputs/week5_manifest+ho_so_dau_ra.json; docs/week5_report+bao_cao.md,Chuẩn hóa; không sửa nếu đã đạt quy tắc,Giữ ID dạng chuỗi và không suy đoán giá trị; mã ngoại ngữ dùng chữ hoa.,NFKC; strip; gộp whitespace; uppercase,1022060,0,Quyết định Week 5; tạo từ pipeline tái lập được,
CL041,5,Student ID → mã Hội đồng thi,Ghép nguồn địa phương năm 2023,outputs/tables/week5_*; outputs/week5_manifest+ho_so_dau_ra.json; docs/week5_report+bao_cao.md,Left join; giữ dòng không khớp và để tên thiếu,"Không fuzzy-match; 63 tên từ Báo Chính phủ năm 2023 và mã 65 từ Phụ lục VIII. Kết quả: 1,022,060 dòng khớp, 0 dòng không khớp.",exam_year=2023 và hai ký tự đầu ID; many_to_one; indicator=True,1022060,0,Quyết định Week 5; tạo từ pipeline tái lập được,
CL042,5,observed_exam_group,Gắn nhóm theo điểm tổ hợp quan sát,outputs/tables/week5_*; outputs/week5_manifest+ho_so_dau_ra.json; docs/week5_report+bao_cao.md,Thêm biến ngữ cảnh; không sửa bản ghi nguồn,Nhóm chỉ phản ánh điểm nào đang quan sát được; không khẳng định hồ sơ đăng ký thi.,science_only / social_only / both_observed / neither_observed,1022060,0,Quyết định Week 5; tạo từ pipeline tái lập được,
CL043,5,Điểm và ô thiếu,"Không biến đổi điểm, không điền thiếu",outputs/tables/week5_*; outputs/week5_manifest+ho_so_dau_ra.json; docs/week5_report+bao_cao.md,Bảo toàn dữ liệu gốc sau chuẩn hóa mã; xuất riêng cột nguồn,Giữ đơn vị 0–10 để EDA; tránh tạo giá trị không có căn cứ hoặc leakage.,Kiểm tra round-trip: mọi điểm và mặt nạ thiếu phải trùng trước/sau,1022060,0,Quyết định Week 5; tạo từ pipeline tái lập được,
