exam_year,exam_council_code,exam_council_name,source_code,source_name,provenance,source_check
2023,01,Sở GDĐT Hà Nội,1,Sở GDĐT Hà Nội,Bảng Báo Chính phủ ngày 17/07/2023,government_name_matched
2023,02,Sở GDĐT TP. Hồ Chí Minh,2,Sở GDĐT TP. Hồ Chí Minh,Bảng Báo Chính phủ ngày 17/07/2023,government_name_matched
2023,03,Sở GDĐT Hải Phòng,3,Sở GDĐT Hải Phòng,Bảng Báo Chính phủ ngày 17/07/2023,government_name_matched
2023,04,Sở GDĐT Đà Nẵng,4,Sở GDĐT Đà Nẵng,Bảng Báo Chính phủ ngày 17/07/2023,government_name_matched
2023,05,Sở GDĐT Hà Giang,5,Sở GDĐT Hà Giang,Bảng Báo Chính phủ ngày 17/07/2023,government_name_matched
2023,06,Sở GDĐT Cao Bằng,6,Sở GDĐT Cao Bằng,Bảng Báo Chính phủ ngày 17/07/2023,government_name_matched
2023,07,Sở GDĐT Lai Châu,7,Sở GDĐT Lai Châu,Bảng Báo Chính phủ ngày 17/07/2023,government_name_matched
2023,08,Sở GDĐT Lào Cai,8,Sở GDĐT Lào Cai,Bảng Báo Chính phủ ngày 17/07/2023,government_name_matched
2023,09,Sở GDĐT Tuyên Quang,9,Sở GDĐT Tuyên Quang,Bảng Báo Chính phủ ngày 17/07/2023,government_name_matched
2023,10,Sở GDĐT Lạng Sơn,10,Sở GDĐT Lạng Sơn,Bảng Báo Chính phủ ngày 17/07/2023,government_name_matched
2023,11,Sở GDĐT Bắc Kạn,11,Sở GDĐT Bắc Kạn,Bảng Báo Chính phủ ngày 17/07/2023,government_name_matched
2023,12,Sở GDĐT Thái Nguyên,12,Sở GDĐT Thái Nguyên,Bảng Báo Chính phủ ngày 17/07/2023,government_name_matched
2023,13,Sở GDĐT Yên Bái,13,Sở GDĐT Yên Bái,Bảng Báo Chính phủ ngày 17/07/2023,government_name_matched
2023,14,Sở GDĐT Sơn La,14,Sở GDĐT Sơn La,Bảng Báo Chính phủ ngày 17/07/2023,government_name_matched
2023,15,Sở GDĐT Phú Thọ,15,Sở GDĐT Phú Thọ,Bảng Báo Chính phủ ngày 17/07/2023,government_name_matched
2023,16,Sở GDĐT Vĩnh Phúc,16,Sở GDĐT Vĩnh Phúc,Bảng Báo Chính phủ ngày 17/07/2023,government_name_matched
2023,17,Sở GDĐT Quảng Ninh,17,Sở GDĐT Quảng Ninh,Bảng Báo Chính phủ ngày 17/07/2023,government_name_matched
2023,18,Sở GDĐT Bắc Giang,18,Sở GDĐT Bắc Giang,Bảng Báo Chính phủ ngày 17/07/2023,government_name_matched
2023,19,Sở GDĐT Bắc Ninh,19,Sở GDĐT Bắc Ninh,Bảng Báo Chính phủ ngày 17/07/2023,government_name_matched
2023,21,Sở GDĐT Hải Dương,21,Sở GDĐT Hải Dương,Bảng Báo Chính phủ ngày 17/07/2023,government_name_matched
2023,22,Sở GDĐT Hưng Yên,22,Sở GDĐT Hưng Yên,Bảng Báo Chính phủ ngày 17/07/2023,government_name_matched
2023,23,Sở GDĐT Hoà Bình,23,Sở GDĐT Hoà Bình,Bảng Báo Chính phủ ngày 17/07/2023,government_name_matched
2023,24,Sở GDĐT Hà Nam,24,Sở GDĐT Hà Nam,Bảng Báo Chính phủ ngày 17/07/2023,government_name_matched
2023,25,Sở GDĐT Nam Định,25,Sở GDĐT Nam Định,Bảng Báo Chính phủ ngày 17/07/2023,government_name_matched
2023,26,Sở GDĐT Thái Bình,26,Sở GDĐT Thái Bình,Bảng Báo Chính phủ ngày 17/07/2023,government_name_matched
2023,27,Sở GDĐT Ninh Bình,27,Sở GDĐT Ninh Bình,Bảng Báo Chính phủ ngày 17/07/2023,government_name_matched
2023,28,Sở GDĐT Thanh Hoá,28,Sở GDĐT Thanh Hoá,Bảng Báo Chính phủ ngày 17/07/2023,government_name_matched
2023,29,Sở GDĐT Nghệ An,29,Sở GDĐT Nghệ An,Bảng Báo Chính phủ ngày 17/07/2023,government_name_matched
2023,30,Sở GDĐT Hà Tĩnh,30,Sở GDĐT Hà Tĩnh,Bảng Báo Chính phủ ngày 17/07/2023,government_name_matched
2023,31,Sở GDĐT Quảng Bình,31,Sở GDĐT Quảng Bình,Bảng Báo Chính phủ ngày 17/07/2023,government_name_matched
2023,32,Sở GDĐT Quảng Trị,32,Sở GDĐT Quảng Trị,Bảng Báo Chính phủ ngày 17/07/2023,government_name_matched
2023,33,Sở GDĐT Thừa Thiên Huế,33,Sở GDĐT Thừa Thiên Huế,Bảng Báo Chính phủ ngày 17/07/2023,government_name_matched
2023,34,Sở GDĐT Quảng Nam,34,Sở GDĐT Quảng Nam,Bảng Báo Chính phủ ngày 17/07/2023,government_name_matched
2023,35,Sở GDĐT Quảng Ngãi,35,Sở GDĐT Quảng Ngãi,Bảng Báo Chính phủ ngày 17/07/2023,government_name_matched
2023,36,Sở GDĐT Kon Tum,36,Sở GDĐT Kon Tum,Bảng Báo Chính phủ ngày 17/07/2023,government_name_matched
2023,37,Sở GDĐT Bình Định,37,Sở GDĐT Bình Định,Bảng Báo Chính phủ ngày 17/07/2023,government_name_matched
2023,38,Sở GDĐT Gia Lai,38,Sở GDĐT Gia Lai,Bảng Báo Chính phủ ngày 17/07/2023,government_name_matched
2023,39,Sở GDĐT Phú Yên,39,Sở GDĐT Phú Yên,Bảng Báo Chính phủ ngày 17/07/2023,government_name_matched
2023,40,Sở GDĐT Đắk Lắk,40,Sở GDĐT Đắk Lắk,Bảng Báo Chính phủ ngày 17/07/2023,government_name_matched
2023,41,Sở GDĐT Khánh Hoà,41,Sở GDĐT Khánh Hoà,Bảng Báo Chính phủ ngày 17/07/2023,government_name_matched
2023,42,Sở GDĐT Lâm Đồng,42,Sở GDĐT Lâm Đồng,Bảng Báo Chính phủ ngày 17/07/2023,government_name_matched
2023,43,Sở GDĐT Bình Phước,43,Sở GDĐT Bình Phước,Bảng Báo Chính phủ ngày 17/07/2023,government_name_matched
2023,44,Sở GDĐT Bình Dương,44,Sở GDĐT Bình Dương,Bảng Báo Chính phủ ngày 17/07/2023,government_name_matched
2023,45,Sở GDĐT Ninh Thuận,45,Sở GDĐT Ninh Thuận,Bảng Báo Chính phủ ngày 17/07/2023,government_name_matched
2023,46,Sở GDĐT Tây Ninh,46,Sở GDĐT Tây Ninh,Bảng Báo Chính phủ ngày 17/07/2023,government_name_matched
2023,47,Sở GDĐT Bình Thuận,47,Sở GDĐT Bình Thuận,Bảng Báo Chính phủ ngày 17/07/2023,government_name_matched
2023,48,Sở GDĐT Đồng Nai,48,Sở GDĐT Đồng Nai,Bảng Báo Chính phủ ngày 17/07/2023,government_name_matched
2023,49,Sở GDĐT Long An,49,Sở GDĐT Long An,Bảng Báo Chính phủ ngày 17/07/2023,government_name_matched
2023,50,Sở GDĐT Đồng Tháp,50,Sở GDĐT Đồng Tháp,Bảng Báo Chính phủ ngày 17/07/2023,government_name_matched
2023,51,Sở GDĐT An Giang,51,Sở GDĐT An Giang,Bảng Báo Chính phủ ngày 17/07/2023,government_name_matched
2023,52,Sở GDĐT Bà Rịa-Vũng Tàu,52,Sở GDĐT Bà Rịa-Vũng Tàu,Bảng Báo Chính phủ ngày 17/07/2023,government_name_matched
2023,53,Sở GDĐT Tiền Giang,53,Sở GDĐT Tiền Giang,Bảng Báo Chính phủ ngày 17/07/2023,government_name_matched
2023,54,Sở GDĐT Kiên Giang,54,Sở GDĐT Kiên Giang,Bảng Báo Chính phủ ngày 17/07/2023,government_name_matched
2023,55,Sở GDĐT Cần Thơ,55,Sở GDĐT Cần Thơ,Bảng Báo Chính phủ ngày 17/07/2023,government_name_matched
2023,56,Sở GDĐT Bến Tre,56,Sở GDĐT Bến Tre,Bảng Báo Chính phủ ngày 17/07/2023,government_name_matched
2023,57,Sở GDĐT Vĩnh Long,57,Sở GDĐT Vĩnh Long,Bảng Báo Chính phủ ngày 17/07/2023,government_name_matched
2023,58,Sở GDĐT Trà Vinh,58,Sở GDĐT Trà Vinh,Bảng Báo Chính phủ ngày 17/07/2023,government_name_matched
2023,59,Sở GDĐT Sóc Trăng,59,Sở GDĐT Sóc Trăng,Bảng Báo Chính phủ ngày 17/07/2023,government_name_matched
2023,60,Sở GDĐT Bạc Liêu,60,Sở GDĐT Bạc Liêu,Bảng Báo Chính phủ ngày 17/07/2023,government_name_matched
2023,61,Sở GDĐT Cà Mau,61,Sở GDĐT Cà Mau,Bảng Báo Chính phủ ngày 17/07/2023,government_name_matched
2023,62,Sở GDĐT Điện Biên,62,Sở GDĐT Điện Biên,Bảng Báo Chính phủ ngày 17/07/2023,government_name_matched
2023,63,Sở GDĐT Đăk Nông,63,Sở GDĐT Đăk Nông,Bảng Báo Chính phủ ngày 17/07/2023,government_name_matched
2023,64,Sở GDĐT Hậu Giang,64,Sở GDĐT Hậu Giang,Bảng Báo Chính phủ ngày 17/07/2023,government_name_matched
2023,65,Cục Nhà trường -Bộ Quốc phòng,,,"Phụ lục VIII, Công văn 1515/BGDĐT-QLCL",supplemental_pdf_registry
